reponame,male,female
golang/go,240,26
kubernetes/kubernetes,98,17
gohugoio/hugo,47,2
astaxie/build-web-application-with-golang,54,11
gin-gonic/gin,12,2
gogs/gogs,41,7
fatedier/frp,3,0
syncthing/syncthing,22,4
etcd-io/etcd,59,12
prometheus/prometheus,56,10
containous/traefik,34,2
junegunn/fzf,4,0
caddyserver/caddy,34,5
ethereum/go-ethereum,56,5
v2ray/v2ray-core,2,4
astaxie/beego,31,8
pingcap/tidb,96,18
FiloSottile/mkcert,2,0
istio/istio,114,24
drone/drone,38,3
hashicorp/terraform,181,21
minio/minio,16,9
unknwon/the-way-to-go_ZH_CN,20,7
github/hub,20,4
influxdata/influxdb,100,11
hashicorp/consul,74,10
inconshreveable/ngrok,2,0
wagoodman/dive,4,0
cockroachdb/cockroach,74,21
go-gitea/gitea,90,12
rclone/rclone,23,4
mattermost/mattermost-server,97,16
kataras/iris,6,2
nsqio/nsq,11,1
kubernetes/minikube,51,8
openfaas/faas,19,6
jinzhu/gorm,8,1
labstack/echo,8,1
yeasy/docker_practice,4,3
go-kit/kit,16,3
helm/helm,57,9
spf13/cobra,16,0
hashicorp/vault,82,14
joewalnes/websocketd,2,0
jesseduffield/lazygit,8,3
yudai/gotty,1,0
rancher/rancher,28,7
cayleygraph/cayley,13,2
tsenart/vegeta,2,1
sirupsen/logrus,18,4
golang/dep,46,7
go-delve/delve,10,3
jesseduffield/lazydocker,7,1
urfave/cli,20,3
buger/goreplay,8,0
zyedidia/micro,14,3
dgraph-io/dgraph,28,0
revel/revel,31,4
tmrts/go-patterns,2,0
xtaci/kcptun,0,1
helm/charts,246,48
wtfutil/wtf,13,4
go-martini/martini,7,1
valyala/fasthttp,6,2
coreybutler/nvm-windows,1,0
fogleman/primitive,1,0
txthinking/brook,1,0
CodisLabs/codis,7,1
gorilla/mux,10,0
gorilla/websocket,3,0
julienschmidt/httprouter,1,0
boltdb/bolt,5,0
spf13/viper,11,1
kubernetes/kops,97,19
micro/go-micro,11,1
grpc/grpc-go,27,4
google/grumpy,4,3
google/cadvisor,20,7
goharbor/harbor,20,10
chai2010/advanced-go-programming-book,5,4
rancher/k3s,9,0
hashicorp/packer,144,18
jaegertracing/jaeger,10,5
gizak/termui,8,0
gocolly/colly,6,2
google/gvisor,21,4
bcicen/ctop,3,0
hyperledger/fabric,51,11
esimov/caire,1,0
dutchcoders/transfer.sh,5,1
vitessio/vitess,74,13
ipfs/go-ipfs,58,4
stretchr/testify,9,2
rkt/rkt,36,7
gopherjs/gopherjs,5,1
chrislusf/seaweedfs,8,3
cnlh/nps,0,2
quii/learn-go-with-tests,9,4
restic/restic,28,5
go-sql-driver/mysql,7,2
asciimoo/wuzz,4,1
iawia002/annie,1,1
dinedal/textql,1,0
uber-go/zap,5,0
elastic/beats,51,11
PuerkitoBio/goquery,2,0
GoogleContainerTools/skaffold,27,8
apex/apex,4,0
golang/groupcache,2,0
cyfdecyf/cow,2,0
Masterminds/glide,10,1
grafana/loki,19,2
influxdata/telegraf,55,8
git-lfs/git-lfs,30,7
gravitational/teleport,13,3
Netflix/chaosmonkey,1,1
ory/hydra,8,2
flynn/flynn,19,2
apex/up,1,0
go-redis/redis,4,2
jmoiron/sqlx,4,0
grpc-ecosystem/grpc-gateway,15,4
andlabs/ui,0,1
bilibili/kratos,9,5
attic-labs/noms,15,1
emirpasic/gods,3,0
rakyll/hey,4,1
future-architect/vuls,5,6
micro/micro,5,1
openshift/origin,125,14
fyne-io/fyne,10,1
nats-io/nats-server,12,2
unknwon/go-fundamental-programming,1,0
sjwhitworth/golearn,13,0
sqshq/sampler,2,0
dgraph-io/badger,14,1
kelseyhightower/confd,7,5
gomodule/redigo,3,0
google/go-cloud,11,1
go-chi/chi,3,0
tidwall/tile38,5,1
shadowsocks/shadowsocks-go,3,1
dgrijalva/jwt-go,2,1
urfave/negroni,7,2
therecipe/qt,1,0
opencontainers/runc,51,10
json-iterator/go,4,1
kubernetes/dashboard,30,4
rook/rook,36,5
ardanlabs/gotraining,11,1
tylertreat/comcast,2,0
bettercap/bettercap,4,1
hoanhan101/ultimate-go,1,0
cjbassi/gotop,2,0
sosedoff/pgweb,5,1
keybase/client,37,3
blevesearch/bleve,12,2
henrylee2cn/pholcus,1,0
kubernetes/ingress-nginx,36,10
usefathom/fathom,3,0
gdrive-org/gdrive,1,1
filebrowser/filebrowser,3,0
polaris1119/The-Golang-Standard-Library-by-Example,5,0
hybridgroup/gobot,22,0
coreos/clair,5,4
fabiolb/fabio,8,0
linuxkit/linuxkit,34,4
tomnomnom/gron,1,0
docker/swarm,27,10
weaveworks/weave,20,2
jroimartin/gocui,1,0
teh-cmc/go-internals,1,0
tools/godep,2,0
XiaoMi/soar,4,0
graphql-go/graphql,16,2
golang/protobuf,11,1
rancher/os,10,3
loadimpact/k6,13,3
peco/peco,6,2
docker/machine,35,2
go-xorm/xorm,5,2
mailhog/MailHog,1,1
casbin/casbin,5,1
cheat/cheat,18,0
lib/pq,17,1
hashicorp/nomad,83,10
direnv/direnv,5,0
developer-learning/night-reading-go,11,1
simeji/jid,0,1
tidwall/gjson,1,0
upspin/upspin,11,1
aws/aws-sdk-go,14,3
Workiva/go-datastructures,6,1
kubernetes/community,163,31
pkg/errors,1,0
zricethezav/gitleaks,3,0
google/go-github,16,5
kubeless/kubeless,12,2
open-falcon/falcon-plus,19,2
cloudson/gitql,3,1
smartystreets/goconvey,10,0
yeasy/blockchain_guide,1,1
gobuffalo/buffalo,9,3
GoesToEleven/GolangTraining,1,0
rancher/os,10,3
coredns/coredns,20,3
Shopify/sarama,27,5
360EntSecGroup-Skylar/excelize,4,0
docker/distribution,25,9
TykTechnologies/tyk,13,1
rqlite/rqlite,3,0
robertkrimen/otto,3,0
erroneousboat/slack-term,2,0
kardianos/govendor,2,0
bitly/oauth2_proxy,4,1
go-ego/riot,1,0
google/seesaw,3,0
DNSCrypt/dnscrypt-proxy,4,1
yinghuocho/firefly-proxy,1,0
robfig/cron,2,0
tinygo-org/tinygo,7,1
flike/kingshard,3,1
rakyll/boom,3,1
goreleaser/goreleaser,13,2
linkerd/linkerd2,16,8
containerd/containerd,48,7
hashicorp/serf,18,2
nsf/gocode,7,2
zserge/lorca,1,0
inlets/inlets,2,0
coreos/flannel,13,4
akavel/up,1,1
fission/fission,13,2
gcla/termshark,2,0
xo/usql,0,1
GoogleContainerTools/kaniko,16,2
schollz/find,2,0
cloudflare/cfssl,17,1
ponzu-cms/ponzu,5,0
cilium/cilium,26,4
src-d/go-git,24,1
fiorix/freegeoip,2,0
thanos-io/thanos,19,3
containrrr/watchtower,4,2
jetstack/cert-manager,20,0
kubernetes/kompose,9,6
olivere/elastic,4,0
Dreamacro/clash,4,0
concourse/concourse,70,18
davecheney/httpstat,4,0
wallix/awless,2,5
facebookarchive/grace,1,0
go-swagger/go-swagger,25,6
adnanh/webhook,5,2
google/gxui,4,0
cdr/sshcode,6,0
perkeep/perkeep,31,5
fnproject/fn,24,4
dragonflyoss/Dragonfly,15,4
gotify/server,1,1
fogleman/nes,1,0
gliderlabs/registrator,10,0
shirou/gopsutil,17,3
lightningnetwork/lnd,36,7
photoprism/photoprism,1,1
gophish/gophish,5,1
Shopify/toxiproxy,4,1
ginuerzh/gost,2,0
qor/qor,7,4
google/git-appraise,3,1
coyove/goflyway,1,0
kubernetes-sigs/kustomize,25,1
smallnest/rpcx,0,1
russross/blackfriday,8,0
alibaba/pouch,25,3
dapr/dapr,9,0
miekg/dns,12,2
pachyderm/pachyderm,28,5
argoproj/argo,8,6
muesli/beehive,8,1
MontFerret/ferret,8,1
pulumi/pulumi,15,3
go-playground/validator,4,0
jpillora/cloud-torrent,0,2
chromedp/chromedp,1,1
lxn/walk,7,4
fsnotify/fsnotify,4,0
appleboy/gorush,0,1
golangci/golangci-lint,6,1
uber/prototool,2,0
dexidp/dex,14,3
centrifugal/centrifugo,3,0
eranyanay/1m-go-websockets,1,0
gliderlabs/logspout,7,1
Jguer/yay,10,1
golang/mobile,9,1
gaia-pipeline/gaia,2,1
weaveworks/scope,30,8
asaskevich/govalidator,8,1
b3log/pipe,1,2
tektoncd/pipeline,26,5
dropbox/godropbox,9,0
HFO4/gameboy.live,2,0
microsoft/ethr,2,0
tidwall/evio,1,0
mmcgrana/gobyexample,5,0
derailed/k9s,3,0
Terry-Mao/goim,3,2
prometheus/node_exporter,28,7
hashicorp/consul-template,16,0
go-acme/lego,8,3
uber-archive/go-torch,3,0
alexflint/gallium,1,0
btcsuite/btcd,19,4
tealeg/xlsx,13,1
adonovan/gopl.io,1,0
shazow/ssh-chat,8,1
RichardKnop/machinery,6,4
rgburke/grv,1,0
spiral/roadrunner,7,0
Azure/draft,16,3
goadesign/goa,19,2
tj/node-prune,2,0
kubernetes-sigs/kind,13,1
twitchtv/twirp,6,0
mongodb/mongo-go-driver,22,1
elves/elvish,5,2
kashav/fsql,1,0
zenazn/goji,1,2
alecthomas/gometalinter,5,0
docker/docker-ce,278,49
nsf/termbox-go,2,0
contribsys/faktory,8,0
coreos/prometheus-operator,39,8
rivo/tview,1,1
emicklei/go-restful,5,1
99designs/gqlgen,16,0
travisjeffery/jocko,1,0
go-yaml/yaml,3,0
mitchellh/gox,2,0
fanpei91/torsniff,0,1
davecgh/go-spew,2,0
motemen/gore,1,2
jpmorganchase/quorum,64,9
gchaincl/httplab,1,0
aelsabbahy/goss,2,0
gomatcha/matcha,1,0
google/gops,2,0
onsi/ginkgo,6,2
jwilder/docker-gen,5,0
huichen/wukong,1,2
mozilla-services/heka,31,4
hoisie/web,2,0
elazarl/goproxy,4,0
schollz/find3,1,0
jung-kurt/gofpdf,7,1
docker-slim/docker-slim,3,0
igrigorik/ga-beacon,1,0
syndtr/goleveldb,3,1
ant0ine/go-json-rest,1,0
satori/go.uuid,1,0
lifei6671/mindoc,2,0
EasyDarwin/EasyDarwin,1,1
jpillora/chisel,0,1
lucas-clemente/quic-go,2,0
tendermint/tendermint,42,3
oxequa/realize,2,0
sql-machine-learning/sqlflow,9,1
burke/zeus,11,3
MichaelMure/git-bug,8,2
OWASP/Go-SCP,1,1
terraform-providers/terraform-provider-aws,190,25
golang/lint,4,0
DisposaBoy/GoSublime,2,0
containers/libpod,26,7
vmware-tanzu/velero,10,3
go-flutter-desktop/go-flutter,3,0
go-pg/pg,2,2
gogo/protobuf,9,1
ansible-semaphore/semaphore,10,1
gonum/gonum,14,2
name5566/leaf,1,0
golang/mock,6,2
patrickmn/go-cache,1,0
meshbird/meshbird,2,0
go-gorp/gorp,13,1
tsuru/tsuru,30,9
github/orchestrator,13,4
fluxcd/flux,23,4
gruntwork-io/terragrunt,23,4
golang/tools,47,8
golang-migrate/migrate,13,2
codegangsta/gin,2,0
astaxie/go-best-practice,0,1
variadico/noti,0,1
jenkins-x/jx,44,6
dvyukov/go-fuzz,8,0
siddontang/ledisdb,4,1
ha/doozerd,5,1
fatih/color,1,0
maxence-charriere/app,1,0
gruntwork-io/terratest,20,6
adtac/commento,0,2
anacrolix/torrent,5,0
mozilla/sops,14,1
yuin/gopher-lua,4,1
knadh/listmonk,3,0
letsencrypt/boulder,20,3
google/gopacket,31,8
googollee/go-socket.io,3,0
uber/kraken,3,2
progrium/localtunnel,2,0
vmware-tanzu/octant,6,1
nuclio/nuclio,13,6
goproxyio/goproxy,3,0
tianon/gosu,1,0
hashicorp/raft,16,5
Tencent/bk-cmdb,11,4
uber/cadence,11,2
bitly/go-simplejson,1,1
manifoldco/promptui,5,0
graph-gophers/graphql-go,6,4
michenriksen/aquatone,4,0
hasura/gitkube,1,1
ffhelicopter/Go42,1,0
jwilder/dockerize,5,0
goby-lang/goby,12,3
claudiodangelis/qr-filetransfer,4,0
gopasspw/gopass,5,1
AsynkronIT/protoactor-go,10,3
gwuhaolin/lightsocks,1,1
nytimes/gizmo,9,1
gorgonia/gorgonia,4,0
davyxu/cellnet,1,0
BurntSushi/toml,4,0
windmilleng/tilt,5,3
vugu/vugu,2,0
google/pprof,4,3
bosun-monitor/bosun,18,0
cortesi/devd,1,0
go-macaron/macaron,1,0
gomods/athens,17,2
wercker/stern,3,0
crawlab-team/crawlab,4,1
securego/gosec,7,1
asticode/go-astilectron,1,1
vulcand/vulcand,8,1
google/netstack,14,2
sourcegraph/sourcegraph,23,4
fatih/structs,1,0
streadway/amqp,6,0
zxh0/jvm.go,2,0
buger/jsonparser,3,0
oklog/oklog,2,0
heroiclabs/nakama,2,2
dominikh/go-tools,3,0
gilbertchen/duplicacy,5,1
imgproxy/imgproxy,1,0
99designs/aws-vault,8,1
disintegration/imaging,3,0
olebedev/go-starter-kit,2,0
mitchellh/mapstructure,2,0
kubernetes/client-go,36,8
lni/dragonboat,1,0
sourcegraph/checkup,4,0
h2non/imaginary,2,1
gobwas/ws,2,0
NebulousLabs/Sia,21,4
hybridgroup/gocv,15,3
kgretzky/evilginx2,2,0
alecthomas/kingpin,2,1
prometheus/alertmanager,23,3
nektos/act,1,1
allegro/bigcache,4,0
karan/joe,1,0
chrislusf/glow,3,0
anthonynsimon/bild,1,0
iron-io/functions,11,0
open-policy-agent/opa,16,1
jingweno/ccat,2,0
mholt/certmagic,1,0
libp2p/go-libp2p,17,0
pion/webrtc,12,2
ksimka/go-is-not-good,1,0
google/syzkaller,28,3
operator-framework/operator-sdk,17,6
c-bata/go-prompt,2,0
hashicorp/hcl,7,0
siddontang/go-mysql-elasticsearch,2,0
google/wire,3,0
koding/kite,9,1
rcrowley/go-metrics,5,0
mholt/archiver,2,0
schollz/croc,6,1
monochromegane/the_platinum_searcher,6,0
nlopes/slack,18,2
rs/zerolog,2,0
faiface/pixel,15,1
mailgun/godebug,2,0
d4l3k/go-pry,2,0
googleforgames/agones,10,0
remind101/empire,10,1
golang/oauth2,6,0
soundcloud/roshi,2,0
kelseyhightower/envconfig,2,1
fogleman/ln,1,0
360EntSecGroup-Skylar/goreporter,1,0
kubernetes-retired/heapster,28,8
pquerna/ffjson,3,0
kubernetes/autoscaler,35,7
nats-io/nats.go,12,0
tidwall/buntdb,2,0
panjf2000/ants,1,0
Masterminds/squirrel,5,2
genuinetools/img,3,0
go-gomail/gomail,1,0
kahing/goofys,4,0
aquasecurity/trivy,4,2
campoy/go-tooling-workshop,1,0
drk1wi/Modlishka,1,0
Jeiwan/blockchain_go,1,0
volatiletech/sqlboiler,7,0
ovh/cds,8,3
go-mgo/mgo,6,1
coreos/fleet,12,1
whalebrew/whalebrew,2,0
parnurzeal/gorequest,6,0
wcharczuk/go-chart,1,0
sorintlab/stolon,2,1
gobuffalo/packr,2,0
goinaction/code,1,0
thewhitetulip/web-dev-golang-anti-textbook,2,2
fullstorydev/grpcurl,1,0
lxc/lxd,25,3
kubernetes-sigs/external-dns,24,3
knative/serving,47,11
HouzuoGuo/tiedot,5,1
syncsynchalt/illustrated-tls,1,0
tinode/chat,1,2
fvbock/endless,1,1
gpmgo/gopm,2,0
pksunkara/alpaca,1,1
knqyf263/pet,1,1
golang/glog,2,0
OJ/gobuster,3,0
Ne0nd0g/merlin,5,1
gravityblast/fresh,1,1
containernetworking/cni,18,3
nlf/dlite,2,0
spf13/afero,9,0
containers/buildah,16,4
markbates/goth,14,3
docker/libchan,2,1
gravitational/teleconsole,1,1
unknwon/go-web-foundation,1,0
joho/godotenv,2,0
cweill/gotests,4,0
xtaci/kcp-go,1,1
jdkato/prose,1,1
kubernetes-retired/contrib,56,5
coocood/freecache,3,0
genuinetools/binctr,1,0
mlabouardy/komiser,1,0
vuvuzela/vuvuzela,2,0
m3db/m3,15,3
rakyll/statik,1,0
esimov/pigo,1,0
mikespook/Learning-Go-zh-cn,3,3
mattes/migrate,8,0
AdguardTeam/AdGuardHome,5,0
benmanns/goworker,2,0
jinzhu/now,1,0
virtual-kubelet/virtual-kubelet,8,7
mailru/easyjson,7,3
runatlantis/atlantis,7,1
xo/xo,1,1
chrislusf/gleam,2,2
buzzfeed/sso,8,1
go-resty/resty,1,1
ReactiveX/RxGo,3,1
mehrdadrad/mylg,2,0
FiloSottile/Heartbleed,2,1
docker/swarmkit,28,8
astaxie/bat,0,1
OWASP/Amass,4,1
constabulary/gb,6,1
GoogleContainerTools/container-diff,7,2
docker/deploykit,9,1
ilanyu/ReverseProxy,1,0
grpc-ecosystem/go-grpc-middleware,1,0
nfnt/resize,2,0
containous/yaegi,3,0
afex/hystrix-go,2,1
itsabot/itsabot,1,0
maruel/panicparse,0,1
TrueFurby/go-callvis,2,0
jackc/pgx,8,1
google/mtail,5,0
mvdan/sh,4,0
Humpheh/goboy,1,0
linkedin/Burrow,8,1
hajimehoshi/ebiten,1,0
uber/aresdb,5,0
gernest/utron,2,0
prest/prest,6,1
fagongzi/gateway,2,2
aws/aws-lambda-go,3,0
sourcegraph/thyme,2,0
jetstack/kube-lego,5,1
mmatczuk/go-http-tunnel,2,0
sideshow/apns2,1,2
aquasecurity/kube-bench,6,2
Jeffail/benthos,7,1
cri-o/cri-o,26,5
boramalper/magnetico,4,1
ChimeraCoder/gojson,2,1
gopherdata/gophernotes,4,0
goraft/raft,5,0
emitter-io/emitter,3,1
shiyanhui/dht,1,0
digitalocean/doctl,19,4
divan/txqr,1,0
TarsCloud/TarsGo,1,1
go-task/task,4,2
opentracing/opentracing-go,5,1
goproxy/goproxy.cn,0,1
kardianos/service,1,1
nginxinc/kubernetes-ingress,8,0
siddontang/go-mysql,4,1
devopsfaith/krakend,6,0
chaosblade-io/chaosblade,2,1
theupdateframework/notary,19,3
cheggaaa/pb,2,0
maxmcd/webtty,1,0
purpleidea/mgmt,9,1
aQuaYi/LeetCode-in-Go,0,1
solo-io/unik,4,2
google/codesearch,2,0
googleapis/google-api-go-client,14,3
pressly/sup,1,1
volatiletech/authboss,4,0
gwuhaolin/livego,1,0
cortexproject/cortex,24,2
distribworks/dkron,3,2
fogleman/gg,1,1
mgechev/revive,2,0
GoogleCloudPlatform/terraformer,8,2
liamg/aminal,4,0
dustin/go-humanize,2,0
dunglas/vulcain,2,0
jedisct1/piknik,1,0
DATA-DOG/go-sqlmock,4,1
projectcontour/contour,12,2
yahoo/gryffin,1,0
upper/db,4,0
goodrain/rainbond,7,1
ouqiang/gocron,1,0
360EntSecGroup-Skylar/ElasticHD,1,0
floyernick/Data-Structures-and-Algorithms,0,1
getgauge/gauge,11,8
mholt/timeliner,1,0
42wim/matterbridge,8,0
mickael-kerjean/filestash,1,0
moby/buildkit,16,1
shen100/golang123,1,0
jgrahamc/httpdiff,1,0
arachnys/athenapdf,2,0
hyperhq/hyperd,9,5
golang/net,20,1
twpayne/chezmoi,2,0
ashleymcnamara/gophers,0,1
google/trillian,16,1
rtr7/router7,1,0
henrylee2cn/teleport,2,0
pilosa/pilosa,9,2
tdewolff/minify,2,0
Ullaakut/cameradar,1,0
moncho/dry,2,0
elastic/go-elasticsearch,1,1
zalando/skipper,18,7
go-qml/qml,1,0
skynetservices/skynet-archive,5,2
EDDYCJY/go-gin-example,1,0
googleapis/google-cloud-go,30,6
argoproj/argo-cd,7,2
hellofresh/janus,8,0
kubernetes-sigs/kubebuilder,15,4
unidoc/unioffice,3,2
gopher-os/gopher-os,0,1
olekukonko/tablewriter,3,0
howeyc/fsnotify,2,0
justinas/alice,2,0
rcrowley/goagain,1,0
mpolden/echoip,1,0
minishift/minishift,14,5
yunabe/lgo,1,0
pulumi/kubespy,2,0
ahmetb/go-linq,3,0
codesenberg/bombardier,1,0
shunfei/cronsun,3,0
GoesToEleven/golang-web-dev,1,0
Terry-Mao/gopush-cluster,0,1
redspread/spread,1,1
uber/makisu,2,2
chanxuehong/wechat,1,0
shen100/wemall,1,0
src-d/gitbase,10,0
alash3al/sqler,1,0
weaveworks/eksctl,21,9
willnorris/imageproxy,1,1
fireworq/fireworq,2,2
kabukky/journey,1,1
alecthomas/chroma,3,0
prometheus/client_golang,16,3
influxdata/kapacitor,13,1
nareix/joy4,1,0
rapidloop/rtop,1,0
intelsdi-x/snap,26,5
kubeedge/kubeedge,24,3
brigadecore/brigade,15,3
solo-io/gloo,12,1
PuerkitoBio/gocrawl,2,0
solo-io/gloo,12,1
gocircuit/circuit,1,0
fogleman/pt,1,0
segmentio/kafka-go,6,2
coreos/torus,9,1
cube2222/octosql,3,0
francoispqt/gojay,1,0
marcusolsson/tui-go,2,0
xmge/gonote,1,0
isacikgoz/gitin,1,0
hashicorp/go-plugin,4,1
kubernetes-incubator/external-storage,26,2
gravitational/workshop,5,0
convox/rack,27,3
google/btree,0,1
chaitin/xray,10,1
aptly-dev/aptly,7,1
feixiao/Distributed-Systems,2,0
senghoo/golang-design-pattern,1,0
whyrusleeping/gx,6,0
jwilder/docker-squash,1,0
go-telegram-bot-api/telegram-bot-api,7,2
GeertJohan/go.rice,6,0
arduino/arduino-cli,9,1
cdarwin/go-koans,1,0
Azure/golua,1,1
bxcodec/go-clean-arch,0,1
goadapp/goad,5,1
shopspring/decimal,3,2
elastic/logstash-forwarder,4,0
osrg/gobgp,11,4
zentures/surgemq,1,0
oklog/ulid,1,1
docker/cli,91,16
dzhou121/gonvim,1,0
swaggo/swag,5,0
facebookincubator/ent,2,0
kubernetes/kube-state-metrics,16,4
gdamore/tcell,2,0
GoogleCloudPlatform/golang-samples,18,7
vzex/dog-tunnel,2,0
golang/proposal,12,0
Shopify/go-lua,5,0
egonelbre/gophers,1,0
golang/example,1,0
liuchengxu/blockchain-tutorial,0,1
go-ini/ini,1,0
dunglas/mercure,2,0
liangdas/mqant,1,0
hlandau/acmetool,1,0
confluentinc/confluent-kafka-go,3,0
containers/skopeo,12,1
bradfitz/http2,3,0
s-rah/onionscan,2,1
segmentio/ksuid,0,1
magefile/mage,1,0
jasonlvhit/gocron,6,0
kubernetes/test-infra,182,31
subfinder/subfinder,4,0
matcornic/hermes,2,0
rexray/rexray,7,0
zquestz/s,3,0
gocql/gocql,29,3
GoogleChromeLabs/simplehttp2server,0,1
uber-common/cpustat,2,0
MariaLetta/free-gophers-pack,0,1
googleforgames/open-match,6,0
Jeffail/gabs,0,1
kubernetes/kubeadm,9,0
chain/chain,11,5
gopl-zh/gopl-zh.github.com,8,2
zachlatta/sshtron,3,0
pierrre/imageserver,1,0
hashicorp/memberlist,13,0
go-jira/jira,3,0
GoAdminGroup/go-admin,3,0
moul/assh,2,0
vmware-tanzu/sonobuoy,5,3
olahol/melody,0,2
nats-io/nats-streaming-server,5,1
mperham/inspeqtor,2,0
laher/goxc,3,0
census-instrumentation/opencensus-go,7,1
hpcloud/tail,5,0
golang/crypto,23,3
eth0izzle/shhgit,4,0
kubesphere/kubesphere,7,3
kiali/kiali,19,1
mkchoi212/fac,1,0
xyproto/algernon,1,0
github/git-sizer,1,0
sipt/shuttle,0,2
skanehira/docui,2,3
awnumar/memguard,0,1
opencontainers/runtime-spec,20,3
ysrc/yulong-hids,2,1
sourcegraph/appdash,8,0
aws/amazon-ecs-agent,17,5
gosuri/uiprogress,1,0
raviqqe/muffet,0,1
natefinch/lumberjack,1,0
ImVexed/muon,3,0
arnauddri/algorithms,1,0
divan/expvarmon,1,0
gogf/gf,9,2
talos-systems/talos,6,0
fsouza/go-dockerclient,21,5
XiaoMi/naftis,2,0
hu17889/go_spider,2,2
alecthomas/participle,1,0
silenceper/wechat,5,0
gokrazy/gokrazy,1,0
kubicorn/kubicorn,22,1
labstack/armor,2,0
kubevirt/kubevirt,47,4
rancher/rio,5,1
op/go-logging,1,0
jessevdk/go-flags,5,3
rancher/rke,13,4
openshift/osin,3,0
tenta-browser/tenta-dns,2,0
caffix/amass,4,1
kubernetes-sigs/krew,4,1
helm/chartmuseum,8,0
vulcand/oxy,5,0
nanomsg/mangos-v1,3,0
flosch/pongo2,1,0
golang/vgo,4,0
txn2/kubefwd,1,0
ory/ladon,0,1
olivia-ai/olivia,2,0
sandglass/sandglass,1,0
nsqio/go-nsq,3,1
go-bootstrap/go-bootstrap,1,0
sciter-sdk/go-sciter,5,0
ory/oathkeeper,1,1
kata-containers/runtime,20,8
gokcehan/lf,1,1
mikefarah/yq,2,1
motemen/ghq,4,1
bitnami-labs/sealed-secrets,6,0
dreamans/syncd,1,1
roboll/helmfile,6,2
iamduo/workq,1,0
google/novm,1,0
openshift/source-to-image,18,3
mattn/go-gtk,10,3
apex/gh-polls,1,0
docker/libnetwork,23,3
juju/juju,60,10
cespare/reflex,2,0
valyala/quicktemplate,1,0
serverless/event-gateway,7,0
AlecAivazis/survey,1,0
asobti/kube-monkey,4,0
gopherjs/vecty,5,0
rubenv/sql-migrate,4,0
thecodingmachine/gotenberg,2,0
TheAlgorithms/Go,3,0
SpectoLabs/hoverfly,10,2
youtube/doorman,2,0
rethinkdb/rethinkdb-go,4,0
ravenac95/sudolikeaboss,1,0
ThreeDotsLabs/watermill,5,0
crossplaneio/crossplane,11,2
AutoSpotting/AutoSpotting,6,0
mmcloughlin/globe,1,0
dgraph-io/ristretto,5,0
studygolang/studygolang,5,0
levigross/grequests,1,0
gtank/cryptopasta,0,1
marcusolsson/goddd,1,0
cosmos/cosmos-sdk,40,7
instrumenta/kubeval,4,0
tj/mmake,2,0
henrylee2cn/faygo,1,0
google/keytransparency,7,1
spaceuptech/space-cloud,5,3
Qihoo360/poseidon,2,2
bouk/monkey,1,0
koding/koding,51,5
eolinker/goku-api-gateway,1,0
schollz/hostyoself,1,0
gorilla/sessions,2,0
openfaas/faas-netes,9,2
d5/tengo,2,0
rodrigo-brito/gocity,1,0
inconshreveable/go-update,1,0
cenkalti/backoff,1,0
eBay/akutan,2,1
hashicorp/golang-lru,2,0
cortexlabs/cortex,4,0
unknwon/go-rock-libraries-showcases,1,0
utahta/pythonbrew,2,1
astaxie/gopkg,19,5
ok-borg/borg,3,0
asdine/storm,3,1
Jeffail/tunny,0,1
kryptco/kr,2,0
hashicorp/envconsul,8,0
tus/tusd,10,1
svent/sift,1,0
skydive-project/skydive,18,2
google/gapid,13,4
google/stenographer,4,1
eyebluecn/tank,2,0
icexin/gocraft,0,1
Masterminds/sprig,6,0
sylabs/singularity,33,10
barnybug/cli53,1,1
perlin-network/life,3,0
google/go-cmp,1,0
segmentio/chamber,4,1
chzyer/readline,1,0
gocraft/web,2,0
uber/cherami-server,4,2
neex/phuip-fpizdam,1,0
miniflux/miniflux,5,0
cosmos72/gomacro,1,0
esimov/triangle,1,0
libgit2/git2go,18,1
montanaflynn/stats,4,0
dop251/goja,1,0
bcicen/grmon,1,0
google/uuid,1,1
lastbackend/lastbackend,5,2
cihub/seelog,4,0
StackExchange/dnscontrol,9,1
FiloSottile/whosthere,1,0
jingweno/godzilla,1,0
nanobox-io/nanobox,7,1
square/go-jose,9,0
ajstarks/svgo,1,0
hellogcc/100-gdb-tips,1,2
didip/tollbooth,1,0
hunterlong/statping,3,0
nanopack/yoke,3,0
ajvb/kala,4,2
google/periph,5,1
takama/daemon,2,1
thoas/go-funk,2,1
aerokube/selenoid,3,0
crazy-max/WindowsSpyBlocker,0,1
rancher/k3os,7,2
alexei-led/pumba,4,1
dave/jennifer,1,0
RichardKnop/go-oauth2-server,2,0
gocraft/dbr,3,0
derailed/popeye,1,0
liftbridge-io/liftbridge,2,0
mattn/gom,2,0
kisielk/errcheck,4,1
sofastack/sofa-mosn,16,4
openacid/slim,3,1
VictoriaMetrics/VictoriaMetrics,4,0
stripe/veneur,11,6
cpmech/gosl,2,0
google/ko,1,0
cloudfoundry/cli,66,21
flant/werf,7,1
google/google-ctf,1,0
ochinchina/supervisord,3,1
xeipuuv/gojsonschema,6,0
jpillora/overseer,0,1
cuelang/cue,5,0
davrodpin/mole,2,1
kedacore/keda,8,2
securitywithoutborders/hardentools,3,0
DMarby/picsum-photos,1,0
xiaojiaqi/10billionhongbaos,0,1
vektra/mockery,7,0
aws/amazon-ecs-cli,8,6
cznic/ql,2,0
reviewdog/reviewdog,2,3
cortesi/modd,2,0
hashicorp/go-memdb,5,0
rs/xid,1,0
docker/app,19,2
microcosm-cc/bluemonday,4,0
nytlabs/streamtools,4,2
elliotchance/c2go,7,3
ssllabs/ssllabs-scan,1,2
thrasher-corp/gocryptotrader,14,1
go-chassis/go-chassis,8,2
kythe/kythe,13,3
kubernetes-sigs/metrics-server,5,0
caarlos0/env,4,1
jtblin/kube2iam,6,0
flashmob/go-guerrilla,3,1
unrolled/render,3,1
funny/link,1,0
ory/fosite,4,1
matthewmueller/joy,1,0
sjqzhang/go-fastdfs,1,0
metrue/fx,7,0
ugorji/go,0,1
grammarly/rocker,1,3
ddollar/forego,2,0
justjanne/powerline-go,4,1
rs/cors,1,0
xiaonanln/goworld,1,0
Yelp/dockersh,2,0
mit-pdos/biscuit,208,14
malfunkt/hyperfox,1,0
orcaman/concurrent-map,3,0
julienschmidt/go-http-routing-benchmark,2,0
muesli/smartcrop,3,0
cloudnativelabs/kube-router,6,2
gonum/plot,8,0
panjf2000/gnet,1,0
rakyll/gom,1,0
glycerine/zygomys,4,0
samuel/go-zookeeper,3,1
dnote/dnote,2,0
deckarep/golang-set,3,1
evilsocket/xray,1,0
dreadl0ck/netcap,1,0
coreos/etcd-operator,7,2
hyper0x/Golang_Puzzlers,1,0
ContainerSolutions/k8s-deployment-strategies,0,1
unrolled/secure,1,0
square/certstrap,6,0
disintegration/gift,2,0
perlin-network/noise,6,1
filecoin-project/go-filecoin,21,8
helm/monocular,7,1
miguelmota/cointop,1,0
prometheus/blackbox_exporter,5,2
klauspost/compress,2,0
juju/ratelimit,1,0
XiaoMi/Gaea,2,0
go-echarts/go-echarts,2,0
writeas/writefreely,4,1
antonmedv/red,1,0
lovoo/goka,3,1
solo-io/squash,5,0
mattn/goreman,3,0
huichen/sego,1,2
tidwall/summitdb,1,0
haxpax/gosms,2,0
galeone/tfgo,0,2
songtianyi/wechat-go,1,0
kubernetes-sigs/aws-iam-authenticator,7,1
monochromegane/go_design_pattern,1,0
shiyanhui/hero,2,0
appc/spec,16,4
go-zoo/bone,3,0
umputun/remark,9,3
nwidger/nintengo,3,1
oniony/TMSU,2,0
yyyar/gobetween,5,1
gardener/gardener,28,7
stianeikeland/go-rpio,5,0
devfeel/dotweb,4,1
rakyll/coop,1,0
snapcore/snapd,54,7
gliderlabs/ssh,3,0
cloudflare/tableflip,1,0
google/martian,5,2
nicksnyder/go-i18n,3,0
kubernetes-sigs/aws-alb-ingress-controller,19,1
cloudflare/redoctober,9,0
adammck/terraform-inventory,1,1
weaveworks/flagger,9,0
sanathp/statusok,1,0
keybase/kbfs,19,0
bitfield/script,2,0
gocraft/work,3,0
guptarohit/asciigraph,2,0
rfjakob/gocryptfs,2,0
puma/puma-dev,4,0
wal-g/wal-g,9,4
faceair/youjumpijump,1,0
awslabs/aws-lambda-container-image-converter,2,0
terraform-providers/terraform-provider-azurerm,85,14
minio/mc,8,5
GoogleContainerTools/container-structure-test,2,1
keel-hq/keel,7,3
uber-go/ratelimit,1,0
matryer/vice,2,1
tylerb/graceful,5,0
sourcegraph/webloop,1,0
hacklcx/HFish,2,0
gavv/httpexpect,1,1
jsha/minica,1,0
lindb/lindb,3,1
docopt/docopt.go,3,0
tylertreat/BoomFilters,2,0
rancher/convoy,5,0
kidoman/embd,5,0
wailsapp/wails,1,1
imroc/req,1,0
banzaicloud/pipeline,18,5
0xAX/go-algorithms,2,0
bmizerany/pat,2,0
hyperledger-archives/fabric,26,3
baetyl/baetyl,4,3
vmware/govmomi,17,1
radondb/radon,3,1
aktau/github-release,1,0
facebookarchive/inject,1,0
docker/compose-on-kubernetes,6,1
pdfcpu/pdfcpu,1,0
brutella/hc,3,0
coreos/go-systemd,10,1
sony/sonyflake,1,0
GoogleCloudPlatform/continuous-deployment-on-kubernetes,3,0
gojp/goreportcard,6,0
mozilla/mig,9,1
getantibody/antibody,2,0
isacikgoz/gitbatch,1,0
gojek/heimdall,5,0
jordan-wright/email,3,0
anaskhan96/soup,2,0
go-ozzo/ozzo-validation,1,0
eko/monday,1,0
albrow/fo,1,0
rudderlabs/rudder-server,1,0
genuinetools/reg,5,0
changkun/go-under-the-hood,1,0
shawn1m/overture,1,1
go-oauth2/oauth2,2,0
hashicorp/yamux,3,0
muesli/cache2go,2,0
s3git/s3git,1,0
gophercon/2017-talks,0,2
bradfitz/gomemcache,1,0
thoas/picfit,1,1
drakkan/sftpgo,1,0
djhworld/simple-computer,1,0
michaelmacinnis/oh,1,0
chai2010/go2-book,1,0
ehazlett/stellar,1,0
go-ego/gse,1,0
go-opencv/go-opencv,5,1
tidwall/redcon,1,0
EngoEngine/engo,12,2
gocelery/gocelery,1,0
bilibili/overlord,3,0
smallstep/certificates,4,0
trustmaster/goflow,1,0
mingrammer/go-web-framework-stars,0,2
apache/dubbo-go,6,3
uniqush/uniqush-push,2,1
appscode/voyager,6,2
terraform-linters/tflint,4,1
mcuadros/ofelia,2,0
docker/libcontainer,15,5
c-bata/kube-prompt,1,0
GetStream/vg,1,1
requilence/integram,1,0
ericfreese/rat,1,0
mmcloughlin/avo,1,0
dghubble/gologin,1,0
pkg/profile,1,0
iov-one/weave,5,2
jrallison/go-workers,2,0
campoy/justforfunc,1,0
slackhq/go-audit,4,0
y0ssar1an/q,1,1
bradleyjkemp/memviz,1,0
u-root/u-root,28,3
GoBelieveIO/im_service,1,0
boyter/scc,3,0
mgartner/pg_flame,1,0
antonholmquist/jason,1,0
nhooyr/websocket,1,0
lonng/nano,1,0
sgreben/jp,1,0
Bytom/bytom,13,1
halfrost/LeetCode-Go,1,0
denisenkom/go-mssqldb,8,1
adrianco/spigo,2,0
tleyden/open-ocr,1,0
soheilhy/cmux,2,0
pusher/oauth2_proxy,17,3
sensepost/ruler,0,1
submariner-io/submariner,8,1
shyiko/jabba,2,0
rach/pome,1,0
shadowsocks/v2ray-plugin,2,0
looterz/grimd,1,1
compose/transporter,6,0
facette/facette,4,0
bitnami-labs/kubewatch,6,1
xtaci/gonet,0,1
segmentio/terraform-docs,3,0
smallnest/go-web-framework-benchmark,2,1
kubernetes-incubator/kube-aws,33,3
bemasher/rtlamr,1,0
crosbymichael/skydock,1,0
kylesliu/awesome-golang-leetcode,2,1
thedevsaddam/gojsonq,1,1
clipperhouse/gen,3,1
sevlyar/go-daemon,1,0
JoelOtter/termloop,1,0
dghubble/sling,1,0
mop-tracker/mop,2,0
bwmarrin/discordgo,8,2
awslabs/amazon-ecr-credential-helper,2,1
tinylib/msgp,4,0
xiaoming2028/FreeNet,1,0
Terry-Mao/bfs,0,1
abh/geodns,3,2
joyent/containerpilot,7,1
markphelps/flipt,1,0
hprose/hprose-golang,2,0
cheekybits/genny,3,0
openkruise/kruise,7,2
brocaar/chirpstack-network-server,1,0
juju/errors,3,0
pressly/goose,4,1
dshearer/jobber,2,0
cdipaolo/goml,2,0
nadoo/glider,0,1
mitchellh/cli,2,0
Azure/acs-engine,42,10
ksonnet/ksonnet,9,1
cloud66-oss/habitus,5,1
dchest/captcha,1,0
uber-go/dig,5,1
oliver006/redis_exporter,8,0
pravj/geopattern,0,1
gographics/imagick,4,0
fatih/pool,1,0
tucnak/telebot,3,2
gosuri/uilive,2,0
splitsh/lite,0,1
FairwindsOps/polaris,6,1
rlmcpherson/s3gof3r,2,0
bcicen/slackcat,1,0
google/skicka,2,0
lileio/lile,2,0
ChimeraCoder/anaconda,3,2
golang/tour,7,1
alicebob/miniredis,1,0
go-llvm/llgo,4,0
pengwynn/flint,0,2
justone/dockviz,1,1
justinas/nosurf,1,0
hanwen/go-fuse,4,0
jondot/goweight,1,0
